{
  "total_tracks": 50,
  "avg_mood_score": 0.09595676931967619,
  "avg_energy": 0.5594982844746847,
  "avg_valence": 0.5535832608397492,
  "avg_danceability": 0.534133475486335,
  "mood_distribution": {
    "Calm & Content": 14,
    "Energetic & Happy": 13,
    "Melancholic & Reflective": 11,
    "Neutral & Balanced": 6,
    "Intense & Dramatic": 6
  },
  "most_common_mood": "Calm & Content",
  "total_duration_hours": 2.8917252777777778,
  "emotional_range": 0.844332726257684
}